celeba_proGAN_1008.png,0.2
celeba_proGAN_1015.png,0.2
celeba_proGAN_1020.png,0.2
celeba_proGAN_1038.png,0.4
celeba_proGAN_1050.png,0.6
celeba_proGAN_1080.png,0.4
celeba_proGAN_11.png,0.6
celeba_proGAN_1122.png,0.8
celeba_proGAN_115.png,0.8
celeba_proGAN_1162.png,0.4
celeba_proGAN_1183.png,0.8
celeba_proGAN_1193.png,0.2
celeba_proGAN_1197.png,0.8
celeba_proGAN_1212.png,0.4
celeba_proGAN_1222.png,0.0
celeba_proGAN_1223.png,0.0
celeba_proGAN_1236.png,0.4
celeba_proGAN_1243.png,0.4
celeba_proGAN_1264.png,0.0
celeba_proGAN_1289.png,0.0
celeba_proGAN_1316.png,0.6
celeba_proGAN_1337.png,0.4
celeba_proGAN_1357.png,0.0
celeba_proGAN_1378.png,0.2
celeba_proGAN_1400.png,0.2
celeba_proGAN_1419.png,0.0
celeba_proGAN_1441.png,1.0
celeba_proGAN_1471.png,0.8
celeba_proGAN_1496.png,0.0
celeba_proGAN_1523.png,0.2
celeba_proGAN_1544.png,0.4
celeba_proGAN_1548.png,0.8
celeba_proGAN_1550.png,0.6
celeba_proGAN_1567.png,0.8
celeba_proGAN_1578.png,0.2
celeba_proGAN_1587.png,0.4
celeba_proGAN_1593.png,0.2
celeba_proGAN_1595.png,0.2
celeba_proGAN_1622.png,0.8
celeba_proGAN_164.png,0.8
celeba_proGAN_1662.png,0.2
celeba_proGAN_1676.png,0.2
celeba_proGAN_1690.png,0.4
celeba_proGAN_1710.png,0.8
celeba_proGAN_1728.png,0.4
celeba_proGAN_1747.png,0.6
celeba_proGAN_1752.png,0.8
celeba_proGAN_1770.png,0.8
celeba_proGAN_1785.png,0.0
celeba_proGAN_1788.png,0.6
celeba_proGAN_1801.png,0.4
celeba_proGAN_1811.png,0.4
celeba_proGAN_1834.png,1.0
celeba_proGAN_1856.png,0.4
celeba_proGAN_1873.png,0.4
celeba_proGAN_1892.png,0.2
celeba_proGAN_1915.png,0.8
celeba_proGAN_1937.png,0.8
celeba_proGAN_1949.png,0.8
celeba_proGAN_1958.png,0.2
celeba_proGAN_1961.png,0.8
celeba_proGAN_1973.png,0.5
celeba_proGAN_1975.png,0.2
celeba_proGAN_1992.png,0.2
celeba_proGAN_2011.png,0.0
celeba_proGAN_203.png,0.4
celeba_proGAN_2049.png,0.0
celeba_proGAN_2063.png,0.0
celeba_proGAN_2082.png,0.6
celeba_proGAN_2096.png,0.4
celeba_proGAN_2111.png,0.4
celeba_proGAN_2135.png,0.0
celeba_proGAN_214.png,0.0
celeba_proGAN_2150.png,0.6
celeba_proGAN_2178.png,0.4
celeba_proGAN_2195.png,0.4
celeba_proGAN_2211.png,0.4
celeba_proGAN_2225.png,0.0
celeba_proGAN_2247.png,0.0
celeba_proGAN_2266.png,0.2
celeba_proGAN_2273.png,0.6
celeba_proGAN_228.png,0.6
celeba_proGAN_2298.png,0.0
celeba_proGAN_2305.png,0.2
celeba_proGAN_2328.png,0.8
celeba_proGAN_2353.png,0.2
celeba_proGAN_2377.png,0.6
celeba_proGAN_24.png,0.4
celeba_proGAN_2414.png,0.4
celeba_proGAN_2433.png,1.0
celeba_proGAN_2448.png,0.0
celeba_proGAN_2474.png,0.8
celeba_proGAN_2496.png,0.2
celeba_proGAN_2501.png,0.6
celeba_proGAN_2511.png,0.8
celeba_proGAN_2530.png,0.2
celeba_proGAN_2546.png,0.2
celeba_proGAN_256.png,0.0
celeba_proGAN_258.png,0.6
celeba_proGAN_2610.png,1.0
celeba_proGAN_2622.png,0.4
celeba_proGAN_2640.png,0.2
celeba_proGAN_2653.png,0.6
celeba_proGAN_2669.png,1.0
celeba_proGAN_2700.png,0.4
celeba_proGAN_2703.png,0.4
celeba_proGAN_2717.png,0.2
celeba_proGAN_2729.png,0.8
celeba_proGAN_2742.png,0.4
celeba_proGAN_2761.png,0.6
celeba_proGAN_278.png,0.4
celeba_proGAN_2798.png,0.4
celeba_proGAN_2818.png,0.0
celeba_proGAN_2832.png,0.6
celeba_proGAN_2856.png,0.0
celeba_proGAN_2875.png,0.25
celeba_proGAN_2899.png,1.0
celeba_proGAN_2922.png,0.6
celeba_proGAN_2930.png,0.6
celeba_proGAN_2936.png,0.4
celeba_proGAN_2956.png,0.4
celeba_proGAN_2973.png,0.6
celeba_proGAN_2998.png,1.0
celeba_proGAN_3022.png,0.2
celeba_proGAN_3041.png,0.0
celeba_proGAN_3067.png,0.6
celeba_proGAN_3085.png,1.0
celeba_proGAN_3102.png,0.4
celeba_proGAN_3120.png,0.2
celeba_proGAN_3142.png,0.8
celeba_proGAN_3145.png,0.8
celeba_proGAN_3158.png,0.2
celeba_proGAN_3172.png,0.4
celeba_proGAN_319.png,1.0
celeba_proGAN_3192.png,0.6
celeba_proGAN_3207.png,0.6
celeba_proGAN_3229.png,0.2
celeba_proGAN_3246.png,0.8
celeba_proGAN_3273.png,1.0
celeba_proGAN_3286.png,0.4
celeba_proGAN_3305.png,0.6
celeba_proGAN_3325.png,0.4
celeba_proGAN_3348.png,0.8
celeba_proGAN_3365.png,0.6
celeba_proGAN_3384.png,0.2
celeba_proGAN_3390.png,0.8
celeba_proGAN_3409.png,0.2
celeba_proGAN_3419.png,0.6
celeba_proGAN_3421.png,0.8
celeba_proGAN_3435.png,0.4
celeba_proGAN_3438.png,0.4
celeba_proGAN_346.png,0.4
celeba_proGAN_348.png,0.2
celeba_proGAN_3507.png,1.0
celeba_proGAN_3528.png,0.4
celeba_proGAN_3556.png,0.8
celeba_proGAN_3574.png,0.2
celeba_proGAN_3597.png,0.4
celeba_proGAN_3619.png,0.6
celeba_proGAN_3636.png,0.6
celeba_proGAN_3637.png,0.4
celeba_proGAN_3661.png,0.2
celeba_proGAN_3689.png,0.4
celeba_proGAN_3710.png,0.4
celeba_proGAN_373.png,0.4
celeba_proGAN_3741.png,0.4
celeba_proGAN_3760.png,0.6
celeba_proGAN_3779.png,1.0
celeba_proGAN_3794.png,0.6
celeba_proGAN_3810.png,0.8
celeba_proGAN_3812.png,0.2
celeba_proGAN_3831.png,0.4
celeba_proGAN_3838.png,0.6
celeba_proGAN_385.png,0.4
celeba_proGAN_3867.png,0.4
celeba_proGAN_3882.png,0.8
celeba_proGAN_39.png,0.8
celeba_proGAN_3927.png,0.4
celeba_proGAN_3950.png,0.8
celeba_proGAN_3964.png,0.0
celeba_proGAN_3970.png,0.6
celeba_proGAN_3974.png,0.6
celeba_proGAN_3993.png,1.0
celeba_proGAN_4015.png,0.8
celeba_proGAN_4033.png,0.8
celeba_proGAN_4052.png,0.6
celeba_proGAN_4082.png,0.4
celeba_proGAN_41.png,0.6
celeba_proGAN_4121.png,0.2
celeba_proGAN_4150.png,0.4
celeba_proGAN_4158.png,0.8
celeba_proGAN_4167.png,0.2
celeba_proGAN_4185.png,0.4
celeba_proGAN_4205.png,0.6
celeba_proGAN_4219.png,0.2
celeba_proGAN_4240.png,0.4
celeba_proGAN_4257.png,0.2
celeba_proGAN_4281.png,1.0
celeba_proGAN_43.png,0.8
celeba_proGAN_4316.png,0.6
celeba_proGAN_4329.png,0.6
celeba_proGAN_4344.png,0.4
celeba_proGAN_4366.png,0.4
celeba_proGAN_4370.png,0.4
celeba_proGAN_4372.png,0.4
celeba_proGAN_4389.png,0.4
celeba_proGAN_4400.png,0.0
celeba_proGAN_4404.png,0.6
celeba_proGAN_442.png,1.0
celeba_proGAN_4428.png,0.8
celeba_proGAN_4440.png,0.4
celeba_proGAN_4462.png,0.2
celeba_proGAN_4487.png,0.75
celeba_proGAN_4506.png,0.0
celeba_proGAN_4521.png,0.8
celeba_proGAN_4546.png,0.6
celeba_proGAN_456.png,0.4
celeba_proGAN_4576.png,0.6
celeba_proGAN_4596.png,0.6
celeba_proGAN_4602.png,1.0
celeba_proGAN_4616.png,0.4
celeba_proGAN_4624.png,0.0
celeba_proGAN_4643.png,0.0
celeba_proGAN_4657.png,0.2
celeba_proGAN_4676.png,0.6
celeba_proGAN_4697.png,0.0
celeba_proGAN_4718.png,0.6
celeba_proGAN_4732.png,0.6
celeba_proGAN_475.png,0.2
celeba_proGAN_4765.png,0.6
celeba_proGAN_4780.png,0.8
celeba_proGAN_4810.png,0.6
celeba_proGAN_4825.png,0.6
celeba_proGAN_4829.png,0.6
celeba_proGAN_4840.png,0.4
celeba_proGAN_4865.png,0.2
celeba_proGAN_4890.png,0.0
celeba_proGAN_4912.png,0.2
celeba_proGAN_4933.png,0.4
celeba_proGAN_4945.png,0.6
celeba_proGAN_4948.png,0.6
celeba_proGAN_4979.png,0.2
celeba_proGAN_4980.png,0.8
celeba_proGAN_506.png,1.0
celeba_proGAN_566.png,0.4
celeba_proGAN_572.png,0.4
celeba_proGAN_599.png,0.4
celeba_proGAN_764.png,0.6
celeba_proGAN_770.png,0.4
celeba_proGAN_957.png,0.4
celeba_styleGAN_1072.png,0.3
celeba_styleGAN_1028.png,0.6
celeba_styleGAN_1048.png,0.6
celeba_styleGAN_100.png,0.8
celeba_styleGAN_1.png,0.6
celeba_styleGAN_1065.png,0.7
celeba_styleGAN_1066.png,0.2
celeba_styleGAN_1054.png,0.8
celeba_styleGAN_107.png,0.2
celeba_styleGAN_1049.png,0.7
celeba_styleGAN_1030.png,0.0
celeba_styleGAN_1004.png,0.5
celeba_styleGAN_1047.png,0.2
celeba_styleGAN_109.png,0.7
celeba_styleGAN_1002.png,0.5
celeba_styleGAN_1021.png,0.7
celeba_styleGAN_1023.png,0.7
celeba_styleGAN_1077.png,0.3
celeba_styleGAN_1041.png,0.5
celeba_styleGAN_102.png,0.8
celeba_styleGAN_1080.png,0.6
celeba_styleGAN_1000.png,0.3
celeba_styleGAN_1051.png,0.6
celeba_styleGAN_1040.png,0.3
celeba_styleGAN_1017.png,0.2
celeba_styleGAN_1082.png,0.3
celeba_styleGAN_1012.png,0.6
celeba_styleGAN_1061.png,0.6
celeba_styleGAN_1033.png,0.3
celeba_styleGAN_1073.png,0.6
celeba_styleGAN_1036.png,0.6
celeba_styleGAN_1013.png,0.2
celeba_styleGAN_1067.png,0.7
celeba_styleGAN_1015.png,0.5
celeba_styleGAN_1085.png,0.7
celeba_styleGAN_1961.png,0.2
celeba_styleGAN_103.png,0.5
celeba_styleGAN_1016.png,0.5
celeba_styleGAN_1916.png,0.2
celeba_styleGAN_1056.png,0.5
celeba_styleGAN_241.png,0.0
celeba_styleGAN_1076.png,0.4
celeba_styleGAN_2014.png,0.8
celeba_styleGAN_1825.png,0.2
celeba_styleGAN_2169.png,0.2
celeba_styleGAN_1069.png,0.8
celeba_styleGAN_1037.png,0.7
celeba_styleGAN_3190.png,0.0
celeba_styleGAN_1057.png,0.7
celeba_styleGAN_3327.png,0.4
celeba_styleGAN_2229.png,0.2
celeba_styleGAN_2127.png,0.6
celeba_styleGAN_3674.png,0.2
celeba_styleGAN_3620.png,0.4
celeba_styleGAN_1988.png,0.6
celeba_styleGAN_2287.png,0.2
celeba_styleGAN_3768.png,0.2
celeba_styleGAN_2364.png,0.8
celeba_styleGAN_2395.png,0.4
celeba_styleGAN_3232.png,0.6
celeba_styleGAN_2456.png,0.2
celeba_styleGAN_1003.png,0.7
celeba_styleGAN_1062.png,0.8
celeba_styleGAN_3567.png,0.6
celeba_styleGAN_2039.png,0.6
celeba_styleGAN_3262.png,0.4
celeba_styleGAN_3700.png,0.4
celeba_styleGAN_2378.png,0.6
celeba_styleGAN_3688.png,0.4
celeba_styleGAN_3732.png,0.8
celeba_styleGAN_3315.png,0.4
celeba_styleGAN_3488.png,0.0
celeba_styleGAN_3744.png,0.8
celeba_styleGAN_1871.png,0.8
celeba_styleGAN_2155.png,0.6
celeba_styleGAN_3796.png,0.8
celeba_styleGAN_3661.png,0.2
celeba_styleGAN_2080.png,0.8
celeba_styleGAN_3584.png,0.4
celeba_styleGAN_3461.png,0.0
celeba_styleGAN_3248.png,0.8
celeba_styleGAN_248.png,0.2
celeba_styleGAN_219.png,0.4
celeba_styleGAN_1948.png,0.2
celeba_styleGAN_1935.png,0.4
celeba_styleGAN_3276.png,0.2
celeba_styleGAN_387.png,0.8
celeba_styleGAN_3633.png,0.6
celeba_styleGAN_3448.png,0.2
celeba_styleGAN_1975.png,0.8
celeba_styleGAN_2600.png,0.2
celeba_styleGAN_2202.png,0.2
celeba_styleGAN_3403.png,0.6
celeba_styleGAN_1064.png,0.3
celeba_styleGAN_1805.png,0.6
celeba_styleGAN_3123.png,0.2
celeba_styleGAN_2939.png,0.0
celeba_styleGAN_3825.png,0.2
celeba_styleGAN_3302.png,0.8
celeba_styleGAN_2646.png,0.6
celeba_styleGAN_3780.png,0.6
celeba_styleGAN_2700.png,0.4
celeba_styleGAN_3714.png,0.4
celeba_styleGAN_2805.png,0.2
celeba_styleGAN_2354.png,0.4
celeba_styleGAN_205.png,0.6
celeba_styleGAN_3097.png,0.4
celeba_styleGAN_3433.png,0.4
celeba_styleGAN_3203.png,0.2
celeba_styleGAN_3554.png,0.4
celeba_styleGAN_10.png,0.5
celeba_styleGAN_3418.png,0.6
celeba_styleGAN_3840.png,0.2
celeba_styleGAN_2995.png,0.6
celeba_styleGAN_1782.png,0.6
celeba_styleGAN_290.png,0.2
celeba_styleGAN_1081.png,0.7
celeba_styleGAN_3810.png,1.0
celeba_styleGAN_3216.png,0.6
celeba_styleGAN_1055.png,0.8
celeba_styleGAN_318.png,0.8
celeba_styleGAN_2561.png,0.2
celeba_styleGAN_2979.png,0.2
celeba_styleGAN_2490.png,0.4
celeba_styleGAN_2255.png,0.4
celeba_styleGAN_2244.png,0.2
celeba_styleGAN_1771.png,0.6
celeba_styleGAN_1074.png,0.4
celeba_styleGAN_3006.png,0.2
celeba_styleGAN_3541.png,0.4
celeba_styleGAN_2767.png,0.8
celeba_styleGAN_2541.png,0.4
celeba_styleGAN_1692.png,0.2
celeba_styleGAN_3344.png,0.8
celeba_styleGAN_1585.png,0.4
celeba_styleGAN_21.png,0.0
celeba_styleGAN_3289.png,0.6
celeba_styleGAN_3017.png,1.0
celeba_styleGAN_3386.png,0.8
celeba_styleGAN_3365.png,0.4
celeba_styleGAN_1472.png,0.4
celeba_styleGAN_2469.png,0.8
celeba_styleGAN_389.png,0.2
celeba_styleGAN_3140.png,0.2
celeba_styleGAN_3041.png,0.6
celeba_styleGAN_2314.png,0.4
celeba_styleGAN_35.png,0.4
celeba_styleGAN_1403.png,0.4
celeba_styleGAN_1752.png,0.2
celeba_styleGAN_111.png,0.2
celeba_styleGAN_3512.png,0.4
celeba_styleGAN_3152.png,0.6
celeba_styleGAN_1165.png,0.6
celeba_styleGAN_1128.png,0.4
celeba_styleGAN_3602.png,0.2
celeba_styleGAN_2891.png,0.2
celeba_styleGAN_1215.png,0.2
celeba_styleGAN_1006.png,0.6
celeba_styleGAN_1617.png,0.0
celeba_styleGAN_1573.png,0.4
celeba_styleGAN_2214.png,0.8
celeba_styleGAN_1025.png,0.4
celeba_styleGAN_2822.png,0.2
celeba_styleGAN_263.png,0.4
celeba_styleGAN_1491.png,0.4
celeba_styleGAN_278.png,0.0
celeba_styleGAN_2851.png,0.2
celeba_styleGAN_2063.png,0.2
celeba_styleGAN_3057.png,0.4
celeba_styleGAN_3476.png,0.2
celeba_styleGAN_2836.png,0.4
celeba_styleGAN_3525.png,0.6
celeba_styleGAN_3071.png,0.6
celeba_styleGAN_1371.png,0.4
celeba_styleGAN_1043.png,0.2
celeba_styleGAN_1885.png,0.2
celeba_styleGAN_2302.png,0.0
celeba_styleGAN_1329.png,0.4
celeba_styleGAN_2684.png,0.4
celeba_styleGAN_3648.png,0.6
celeba_styleGAN_3109.png,0.2
celeba_styleGAN_185.png,0.2
celeba_styleGAN_2666.png,0.2
celeba_styleGAN_2115.png,0.6
celeba_styleGAN_1227.png,0.6
celeba_styleGAN_1154.png,0.4
celeba_styleGAN_2615.png,0.2
celeba_styleGAN_2328.png,0.8
celeba_styleGAN_3165.png,0.4
celeba_styleGAN_2574.png,0.2
celeba_styleGAN_1529.png,0.2
celeba_styleGAN_1059.png,0.4
celeba_styleGAN_2440.png,0.4
celeba_styleGAN_1603.png,0.6
celeba_styleGAN_1714.png,0.4
celeba_styleGAN_3853.png,0.6
celeba_styleGAN_2589.png,0.4
celeba_styleGAN_296.png,0.4
celeba_styleGAN_1900.png,0.6
celeba_styleGAN_1240.png,0.2
celeba_styleGAN_1544.png,0.2
celeba_styleGAN_1070.png,0.4
celeba_styleGAN_288.png,0.4
celeba_styleGAN_1632.png,0.2
celeba_styleGAN_2911.png,0.4
celeba_styleGAN_2140.png,0.6
celeba_styleGAN_1704.png,0.6
celeba_styleGAN_2756.png,0.4
celeba_styleGAN_1187.png,0.4
celeba_styleGAN_2343.png,0.8
celeba_styleGAN_253.png,0.2
celeba_styleGAN_2793.png,0.2
celeba_styleGAN_2714.png,0.2
celeba_styleGAN_3030.png,0.2
celeba_styleGAN_2730.png,0.2
celeba_styleGAN_1141.png,0.4
celeba_styleGAN_1502.png,0.6
celeba_styleGAN_20.png,0.4
celeba_styleGAN_2025.png,0.8
celeba_styleGAN_1200.png,0.4
celeba_styleGAN_1419.png,0.6
celeba_styleGAN_1447.png,0.2
celeba_styleGAN_1795.png,0.2
celeba_styleGAN_128.png,0.2
celeba_styleGAN_1516.png,0.6
celeba_styleGAN_11.png,0.2
celeba_styleGAN_2866.png,0.8
celeba_styleGAN_139.png,0.2
celeba_styleGAN_2517.png,0.4
celeba_styleGAN_3083.png,0.2
celeba_styleGAN_2503.png,0.2
celeba_styleGAN_1353.png,0.6
celeba_styleGAN_1556.png,0.2
celeba_styleGAN_2927.png,0.6
celeba_styleGAN_1083.png,0.6
celeba_styleGAN_1295.png,0.6
celeba_styleGAN_2743.png,0.6
celeba_styleGAN_2426.png,0.0
celeba_styleGAN_174.png,0.2
celeba_styleGAN_1652.png,0.8
celeba_styleGAN_1460.png,0.6
celeba_styleGAN_2272.png,0.6
celeba_styleGAN_1431.png,0.2
celeba_styleGAN_1670.png,0.4
celeba_styleGAN_131.png,0.2
celeba_styleGAN_1726.png,0.8
celeba_styleGAN_1839.png,0.8
celeba_styleGAN_1342.png,0.4
celeba_styleGAN_1262.png,0.8
BEGAN_epoch44_step430000_109.png,0.8
BEGAN_epoch44_step430000_1130.png,1.0
BEGAN_epoch44_step430000_1057.png,0.9
BEGAN_epoch44_step430000_1126.png,0.9
BEGAN_epoch44_step430000_113.png,0.9
BEGAN_epoch44_step430000_1125.png,0.9
BEGAN_epoch44_step430000_1063.png,1.0
BEGAN_epoch44_step430000_1108.png,0.9
BEGAN_epoch44_step430000_1127.png,1.0
BEGAN_epoch44_step430000_112.png,0.9
BEGAN_epoch44_step430000_1620.png,1.0
BEGAN_epoch44_step430000_1595.png,1.0
BEGAN_epoch44_step430000_1509.png,1.0
BEGAN_epoch44_step430000_1376.png,1.0
BEGAN_epoch44_step430000_134.png,1.0
BEGAN_epoch44_step430000_1528.png,1.0
BEGAN_epoch44_step430000_1765.png,1.0
BEGAN_epoch44_step430000_1223.png,1.0
BEGAN_epoch44_step430000_1268.png,1.0
BEGAN_epoch44_step430000_1053.png,1.0
BEGAN_epoch44_step430000_1835.png,1.0
BEGAN_epoch44_step430000_1746.png,1.0
BEGAN_epoch44_step430000_161.png,0.6
BEGAN_epoch44_step430000_1800.png,1.0
BEGAN_epoch44_step430000_1779.png,1.0
BEGAN_epoch44_step430000_1474.png,1.0
BEGAN_epoch44_step430000_1096.png,1.0
BEGAN_epoch44_step430000_1300.png,1.0
BEGAN_epoch44_step430000_1907.png,1.0
BEGAN_epoch44_step430000_1894.png,1.0
BEGAN_epoch44_step430000_1872.png,1.0
BEGAN_epoch44_step430000_1122.png,1.0
BEGAN_epoch44_step430000_1355.png,0.8
BEGAN_epoch44_step430000_1243.png,1.0
BEGAN_epoch44_step430000_1704.png,1.0
BEGAN_epoch44_step430000_1581.png,1.0
BEGAN_epoch44_step430000_1188.png,1.0
BEGAN_epoch44_step430000_1924.png,1.0
BEGAN_epoch44_step430000_164.png,0.8
BEGAN_epoch44_step430000_1157.png,1.0
BEGAN_epoch44_step430000_1542.png,1.0
BEGAN_epoch44_step430000_117.png,1.0
BEGAN_epoch44_step430000_1959.png,1.0
BEGAN_epoch44_step430000_1448.png,1.0
BEGAN_epoch44_step430000_1078.png,1.0
BEGAN_epoch44_step430000_1406.png,1.0
BEGAN_epoch44_step430000_1720.png,1.0
BEGAN_epoch44_step430000_1389.png,1.0
BEGAN_epoch44_step430000_1685.png,1.0
BEGAN_epoch44_step430000_1852.png,1.0
BEGAN_epoch44_step430000_1429.png,1.0
BEGAN_epoch44_step430000_1024.png,1.0
BEGAN_epoch44_step430000_1284.png,1.0
BEGAN_epoch44_step430000_1815.png,1.0
BEGAN_epoch44_step430000_1564.png,1.0
BEGAN_epoch44_step430000_1139.png,1.0
BEGAN_epoch44_step430000_1664.png,1.0
BEGAN_epoch44_step430000_1322.png,1.0
BEGAN_epoch44_step430000_1495.png,1.0
BEGAN_epoch44_step430000_1209.png,1.0
BEGAN_epoch44_step430000_101.png,0.7
BEGAN_epoch44_step430000_1034.png,0.9
BEGAN_epoch44_step430000_1094.png,0.7
BEGAN_epoch44_step430000_1043.png,0.6
BEGAN_epoch44_step430000_1086.png,1.0
BEGAN_epoch44_step430000_1022.png,1.0
BEGAN_epoch44_step430000_1001.png,0.9
BEGAN_epoch44_step430000_443.png,1.0
BEGAN_epoch44_step430000_4080.png,0.6
BEGAN_epoch44_step430000_4057.png,0.8
BEGAN_epoch44_step430000_3810.png,1.0
BEGAN_epoch44_step430000_669.png,1.0
BEGAN_epoch44_step430000_59.png,1.0
BEGAN_epoch44_step430000_3830.png,1.0
BEGAN_epoch44_step430000_620.png,1.0
BEGAN_epoch44_step430000_890.png,1.0
BEGAN_epoch44_step430000_502.png,1.0
BEGAN_epoch44_step430000_974.png,1.0
BEGAN_epoch44_step430000_4036.png,1.0
BEGAN_epoch44_step430000_911.png,0.8
BEGAN_epoch44_step430000_3974.png,1.0
BEGAN_epoch44_step430000_545.png,1.0
BEGAN_epoch44_step430000_427.png,1.0
BEGAN_epoch44_step430000_3999.png,0.8
BEGAN_epoch44_step430000_850.png,1.0
BEGAN_epoch44_step430000_988.png,1.0
BEGAN_epoch44_step430000_458.png,1.0
BEGAN_epoch44_step430000_933.png,1.0
BEGAN_epoch44_step430000_3946.png,1.0
BEGAN_epoch44_step430000_41.png,1.0
BEGAN_epoch44_step430000_4018.png,1.0
BEGAN_epoch44_step430000_772.png,1.0
BEGAN_epoch44_step430000_393.png,1.0
BEGAN_epoch44_step430000_756.png,1.0
BEGAN_epoch44_step430000_530.png,0.8
BEGAN_epoch44_step430000_737.png,1.0
BEGAN_epoch44_step430000_813.png,1.0
BEGAN_epoch44_step430000_864.png,1.0
BEGAN_epoch44_step430000_3899.png,1.0
BEGAN_epoch44_step430000_634.png,1.0
BEGAN_epoch44_step430000_3915.png,0.8
BEGAN_epoch44_step430000_3851.png,1.0
BEGAN_epoch44_step430000_605.png,0.8
BEGAN_epoch44_step430000_479.png,0.8
BEGAN_epoch44_step430000_574.png,1.0
BEGAN_epoch44_step430000_950.png,1.0
BEGAN_epoch44_step430000_831.png,0.8
BEGAN_epoch44_step430000_684.png,0.8
BEGAN_epoch44_step430000_3878.png,0.6
BEGAN_epoch44_step430000_646.png,0.8
BEGAN_epoch44_step430000_711.png,0.8
BEGAN_epoch44_step430000_790.png,1.0
BEGAN_epoch44_step430000_559.png,1.0
BEGAN_epoch44_step430000_1044.png,1.0
BEGAN_epoch44_step430000_1119.png,1.0
BEGAN_epoch44_step430000_1031.png,1.0
BEGAN_epoch44_step430000_1069.png,0.9
BEGAN_epoch44_step430000_1138.png,0.9
BEGAN_epoch44_step430000_103.png,1.0
BEGAN_epoch44_step430000_1113.png,1.0
BEGAN_epoch44_step430000_1144.png,0.5
BEGAN_epoch44_step430000_1114.png,0.8
BEGAN_epoch44_step430000_1014.png,0.9
BEGAN_epoch44_step430000_1033.png,0.9
BEGAN_epoch44_step430000_1088.png,0.8
BEGAN_epoch44_step430000_1075.png,0.9
BEGAN_epoch44_step430000_2494.png,1.0
BEGAN_epoch44_step430000_2218.png,1.0
BEGAN_epoch44_step430000_2641.png,0.8
BEGAN_epoch44_step430000_2368.png,1.0
BEGAN_epoch44_step430000_2054.png,1.0
BEGAN_epoch44_step430000_242.png,0.8
BEGAN_epoch44_step430000_2028.png,1.0
BEGAN_epoch44_step430000_262.png,0.6
BEGAN_epoch44_step430000_2783.png,1.0
BEGAN_epoch44_step430000_2469.png,0.8
BEGAN_epoch44_step430000_2006.png,1.0
BEGAN_epoch44_step430000_2121.png,1.0
BEGAN_epoch44_step430000_224.png,0.8
BEGAN_epoch44_step430000_266.png,1.0
BEGAN_epoch44_step430000_287.png,1.0
BEGAN_epoch44_step430000_2182.png,0.8
BEGAN_epoch44_step430000_2325.png,0.8
BEGAN_epoch44_step430000_2407.png,1.0
BEGAN_epoch44_step430000_2587.png,1.0
BEGAN_epoch44_step430000_2748.png,1.0
BEGAN_epoch44_step430000_2540.png,0.6
BEGAN_epoch44_step430000_2275.png,1.0
BEGAN_epoch44_step430000_2074.png,1.0
BEGAN_epoch44_step430000_2437.png,1.0
BEGAN_epoch44_step430000_2454.png,0.8
BEGAN_epoch44_step430000_2726.png,0.8
BEGAN_epoch44_step430000_2814.png,1.0
BEGAN_epoch44_step430000_2605.png,1.0
BEGAN_epoch44_step430000_2568.png,0.8
BEGAN_epoch44_step430000_2107.png,0.6
BEGAN_epoch44_step430000_2527.png,0.8
BEGAN_epoch44_step430000_2710.png,0.6
BEGAN_epoch44_step430000_2482.png,0.8
BEGAN_epoch44_step430000_2090.png,1.0
BEGAN_epoch44_step430000_2255.png,1.0
BEGAN_epoch44_step430000_2166.png,1.0
BEGAN_epoch44_step430000_2512.png,0.6
BEGAN_epoch44_step430000_2854.png,0.6
BEGAN_epoch44_step430000_2389.png,1.0
BEGAN_epoch44_step430000_2837.png,1.0
BEGAN_epoch44_step430000_2345.png,1.0
BEGAN_epoch44_step430000_2288.png,1.0
BEGAN_epoch44_step430000_2796.png,0.8
BEGAN_epoch44_step430000_2307.png,1.0
BEGAN_epoch44_step430000_2767.png,1.0
BEGAN_epoch44_step430000_1981.png,1.0
BEGAN_epoch44_step430000_2042.png,0.6
BEGAN_epoch44_step430000_2690.png,1.0
BEGAN_epoch44_step430000_22.png,1.0
BEGAN_epoch44_step430000_2145.png,1.0
BEGAN_epoch44_step430000_1018.png,1.0
BEGAN_epoch44_step430000_1117.png,0.8
BEGAN_epoch44_step430000_107.png,0.7
BEGAN_epoch44_step430000_0.png,0.9
BEGAN_epoch44_step430000_1051.png,1.0
BEGAN_epoch44_step430000_1028.png,1.0
BEGAN_epoch44_step430000_1073.png,0.9
BEGAN_epoch44_step430000_1013.png,1.0
BEGAN_epoch44_step430000_1062.png,1.0
BEGAN_epoch44_step430000_1129.png,0.8
BEGAN_epoch44_step430000_1067.png,1.0
BEGAN_epoch44_step430000_1085.png,1.0
BEGAN_epoch44_step430000_1090.png,0.8
BEGAN_epoch44_step430000_1107.png,1.0
BEGAN_epoch44_step430000_1135.png,0.7
BEGAN_epoch44_step430000_1111.png,0.8
BEGAN_epoch44_step430000_1084.png,1.0
BEGAN_epoch44_step430000_1146.png,0.9
BEGAN_epoch44_step430000_1083.png,1.0
BEGAN_epoch44_step430000_3269.png,1.0
BEGAN_epoch44_step430000_293.png,1.0
BEGAN_epoch44_step430000_3402.png,1.0
BEGAN_epoch44_step430000_3072.png,1.0
BEGAN_epoch44_step430000_373.png,1.0
BEGAN_epoch44_step430000_2972.png,1.0
BEGAN_epoch44_step430000_2961.png,1.0
BEGAN_epoch44_step430000_3444.png,1.0
BEGAN_epoch44_step430000_3560.png,1.0
BEGAN_epoch44_step430000_3583.png,1.0
BEGAN_epoch44_step430000_3383.png,1.0
BEGAN_epoch44_step430000_3002.png,1.0
BEGAN_epoch44_step430000_3512.png,1.0
BEGAN_epoch44_step430000_3251.png,1.0
BEGAN_epoch44_step430000_3677.png,1.0
BEGAN_epoch44_step430000_3233.png,1.0
BEGAN_epoch44_step430000_2908.png,1.0
BEGAN_epoch44_step430000_3422.png,1.0
BEGAN_epoch44_step430000_3281.png,1.0
BEGAN_epoch44_step430000_3172.png,1.0
BEGAN_epoch44_step430000_3525.png,1.0
BEGAN_epoch44_step430000_3157.png,1.0
BEGAN_epoch44_step430000_312.png,1.0
BEGAN_epoch44_step430000_3089.png,1.0
BEGAN_epoch44_step430000_3140.png,1.0
BEGAN_epoch44_step430000_3480.png,1.0
BEGAN_epoch44_step430000_3652.png,1.0
BEGAN_epoch44_step430000_3464.png,1.0
BEGAN_epoch44_step430000_3014.png,1.0
BEGAN_epoch44_step430000_3361.png,1.0
BEGAN_epoch44_step430000_2895.png,1.0
BEGAN_epoch44_step430000_3768.png,1.0
BEGAN_epoch44_step430000_3597.png,1.0
BEGAN_epoch44_step430000_2946.png,1.0
BEGAN_epoch44_step430000_2987.png,0.6
BEGAN_epoch44_step430000_3032.png,1.0
BEGAN_epoch44_step430000_3710.png,0.8
BEGAN_epoch44_step430000_3792.png,1.0
BEGAN_epoch44_step430000_3192.png,1.0
BEGAN_epoch44_step430000_3345.png,1.0
BEGAN_epoch44_step430000_3102.png,1.0
BEGAN_epoch44_step430000_3637.png,1.0
BEGAN_epoch44_step430000_3616.png,1.0
BEGAN_epoch44_step430000_3299.png,1.0
BEGAN_epoch44_step430000_3542.png,1.0
BEGAN_epoch44_step430000_3745.png,1.0
BEGAN_epoch44_step430000_3207.png,1.0
BEGAN_epoch44_step430000_3694.png,1.0
BEGAN_epoch44_step430000_3055.png,1.0
BEGAN_epoch44_step430000_3319.png,1.0
BEGAN_epoch44_step430000_1021.png,1.0
wgan_gp_10153.png,1.0
wgan_gp_10278.png,0.8
wgan_gp_10037.png,1.0
wgan_gp_1014.png,1.0
wgan_gp_1026.png,0.8
wgan_gp_10572.png,1.0
wgan_gp_10121.png,1.0
wgan_gp_10688.png,0.9
wgan_gp_10039.png,0.9
wgan_gp_10312.png,1.0
wgan_gp_1002.png,0.8
wgan_gp_13504.png,1.0
wgan_gp_10094.png,1.0
wgan_gp_14279.png,1.0
wgan_gp_14465.png,1.0
wgan_gp_10523.png,1.0
wgan_gp_10284.png,1.0
wgan_gp_13992.png,1.0
wgan_gp_11677.png,1.0
wgan_gp_10773.png,1.0
wgan_gp_14798.png,1.0
wgan_gp_11871.png,1.0
wgan_gp_11141.png,1.0
wgan_gp_12489.png,1.0
wgan_gp_13209.png,1.0
wgan_gp_13653.png,1.0
wgan_gp_15018.png,1.0
wgan_gp_14120.png,1.0
wgan_gp_15259.png,1.0
wgan_gp_12690.png,1.0
wgan_gp_12068.png,1.0
wgan_gp_13884.png,1.0
wgan_gp_13323.png,1.0
wgan_gp_12580.png,1.0
wgan_gp_11347.png,1.0
wgan_gp_14664.png,1.0
wgan_gp_13415.png,1.0
wgan_gp_12177.png,1.0
wgan_gp_10975.png,1.0
wgan_gp_10662.png,1.0
wgan_gp_12392.png,1.0
wgan_gp_14565.png,1.0
wgan_gp_11520.png,1.0
wgan_gp_11768.png,1.0
wgan_gp_13034.png,1.0
wgan_gp_12875.png,1.0
wgan_gp_11960.png,1.0
wgan_gp_1142.png,1.0
wgan_gp_13117.png,1.0
wgan_gp_12260.png,0.8
wgan_gp_10856.png,1.0
wgan_gp_12765.png,1.0
wgan_gp_10416.png,1.0
wgan_gp_14934.png,1.0
wgan_gp_14366.png,1.0
wgan_gp_10203.png,1.0
wgan_gp_15172.png,1.0
wgan_gp_13721.png,1.0
wgan_gp_11251.png,1.0
wgan_gp_13815.png,1.0
wgan_gp_15348.png,1.0
wgan_gp_10500.png,0.9
wgan_gp_10650.png,1.0
wgan_gp_10617.png,0.7
wgan_gp_10114.png,0.9
wgan_gp_10271.png,1.0
wgan_gp_10509.png,0.9
wgan_gp_10045.png,1.0
wgan_gp_10451.png,1.0
wgan_gp_1061.png,0.7
wgan_gp_1068.png,1.0
wgan_gp_10042.png,0.9
wgan_gp_10352.png,0.9
wgan_gp_10238.png,1.0
wgan_gp_10255.png,0.9
wgan_gp_10276.png,1.0
wgan_gp_10193.png,1.0
wgan_gp_10142.png,1.0
wgan_gp_104.png,0.7
wgan_gp_10458.png,0.7
wgan_gp_10622.png,1.0
wgan_gp_19419.png,1.0
wgan_gp_1918.png,1.0
wgan_gp_18970.png,1.0
wgan_gp_20594.png,1.0
wgan_gp_18109.png,1.0
wgan_gp_17241.png,1.0
wgan_gp_17075.png,1.0
wgan_gp_16723.png,1.0
wgan_gp_17365.png,1.0
wgan_gp_18373.png,1.0
wgan_gp_15966.png,1.0
wgan_gp_15893.png,1.0
wgan_gp_18767.png,1.0
wgan_gp_1958.png,1.0
wgan_gp_17814.png,1.0
wgan_gp_16833.png,1.0
wgan_gp_18479.png,1.0
wgan_gp_16473.png,1.0
wgan_gp_17629.png,1.0
wgan_gp_19279.png,1.0
wgan_gp_15568.png,1.0
wgan_gp_15678.png,1.0
wgan_gp_16649.png,1.0
wgan_gp_16950.png,1.0
wgan_gp_16305.png,1.0
wgan_gp_18692.png,1.0
wgan_gp_20075.png,1.0
wgan_gp_19092.png,1.0
wgan_gp_16178.png,1.0
wgan_gp_19946.png,1.0
wgan_gp_18894.png,1.0
wgan_gp_17505.png,0.2
wgan_gp_20357.png,1.0
wgan_gp_18051.png,1.0
wgan_gp_20485.png,1.0
wgan_gp_17736.png,1.0
wgan_gp_18568.png,1.0
wgan_gp_2017.png,1.0
wgan_gp_15482.png,1.0
wgan_gp_17163.png,1.0
wgan_gp_20246.png,1.0
wgan_gp_18259.png,1.0
wgan_gp_17942.png,1.0
wgan_gp_16393.png,0.4
wgan_gp_1580.png,0.8
wgan_gp_19707.png,1.0
wgan_gp_1949.png,1.0
wgan_gp_16565.png,1.0
wgan_gp_1606.png,1.0
wgan_gp_19846.png,1.0
wgan_gp_10070.png,0.9
wgan_gp_10030.png,1.0
wgan_gp_10463.png,1.0
wgan_gp_10591.png,1.0
wgan_gp_10507.png,1.0
wgan_gp_30785.png,1.0
wgan_gp_2693.png,1.0
wgan_gp_30444.png,1.0
wgan_gp_26838.png,1.0
wgan_gp_26515.png,1.0
wgan_gp_30555.png,1.0
wgan_gp_27045.png,1.0
wgan_gp_27153.png,1.0
wgan_gp_30289.png,1.0
wgan_gp_27549.png,1.0
wgan_gp_28556.png,1.0
wgan_gp_29017.png,1.0
wgan_gp_29543.png,1.0
wgan_gp_2895.png,1.0
wgan_gp_28236.png,1.0
wgan_gp_29323.png,1.0
wgan_gp_27935.png,1.0
wgan_gp_27456.png,1.0
wgan_gp_26431.png,1.0
wgan_gp_29159.png,1.0
wgan_gp_27851.png,1.0
wgan_gp_29685.png,1.0
wgan_gp_29249.png,1.0
wgan_gp_29978.png,1.0
wgan_gp_30960.png,1.0
wgan_gp_2726.png,1.0
wgan_gp_26010.png,1.0
wgan_gp_2804.png,1.0
wgan_gp_26335.png,1.0
wgan_gp_30892.png,1.0
wgan_gp_30645.png,1.0
wgan_gp_28139.png,1.0
wgan_gp_27367.png,1.0
wgan_gp_30065.png,1.0
wgan_gp_29415.png,1.0
wgan_gp_29614.png,1.0
wgan_gp_27725.png,1.0
wgan_gp_2876.png,1.0
wgan_gp_26605.png,1.0
wgan_gp_30391.png,1.0
wgan_gp_27657.png,1.0
wgan_gp_2844.png,1.0
wgan_gp_26216.png,1.0
wgan_gp_26726.png,1.0
wgan_gp_30190.png,0.8
wgan_gp_28376.png,1.0
wgan_gp_29794.png,1.0
wgan_gp_28646.png,1.0
wgan_gp_26088.png,1.0
wgan_gp_28875.png,0.8
wgan_gp_10295.png,1.0
wgan_gp_10411.png,1.0
wgan_gp_10540.png,0.9
wgan_gp_10634.png,1.0
wgan_gp_10244.png,1.0
wgan_gp_10126.png,1.0
wgan_gp_10005.png,1.0
wgan_gp_10243.png,0.9
wgan_gp_10369.png,1.0
wgan_gp_25781.png,1.0
wgan_gp_22494.png,1.0
wgan_gp_2569.png,1.0
wgan_gp_23574.png,1.0
wgan_gp_21890.png,1.0
wgan_gp_2478.png,1.0
wgan_gp_24668.png,1.0
wgan_gp_25400.png,1.0
wgan_gp_21959.png,1.0
wgan_gp_22063.png,1.0
wgan_gp_25283.png,1.0
wgan_gp_21780.png,0.8
wgan_gp_25518.png,1.0
wgan_gp_22175.png,0.6
wgan_gp_23886.png,1.0
wgan_gp_2289.png,1.0
wgan_gp_24543.png,1.0
wgan_gp_25598.png,1.0
wgan_gp_21131.png,1.0
wgan_gp_24046.png,1.0
wgan_gp_25863.png,1.0
wgan_gp_24186.png,1.0
wgan_gp_23948.png,1.0
wgan_gp_21253.png,1.0
wgan_gp_22684.png,1.0
wgan_gp_22805.png,1.0
wgan_gp_21029.png,1.0
wgan_gp_24995.png,1.0
wgan_gp_23791.png,1.0
wgan_gp_24356.png,1.0
wgan_gp_23459.png,1.0
wgan_gp_226.png,0.8
wgan_gp_23092.png,1.0
wgan_gp_23353.png,0.8
wgan_gp_21698.png,1.0
wgan_gp_22966.png,1.0
wgan_gp_24460.png,1.0
wgan_gp_23230.png,1.0
wgan_gp_20684.png,1.0
wgan_gp_24904.png,1.0
wgan_gp_20913.png,0.2
wgan_gp_21433.png,0.4
wgan_gp_22341.png,1.0
wgan_gp_22259.png,1.0
wgan_gp_2081.png,1.0
wgan_gp_25137.png,1.0
wgan_gp_23700.png,1.0
wgan_gp_21519.png,1.0
wgan_gp_2134.png,0.8
wgan_gp_24296.png,1.0
wgan_gp_10383.png,0.9
wgan_gp_10128.png,1.0
wgan_gp_10360.png,1.0
wgan_gp_10456.png,1.0
wgan_gp_10423.png,1.0
celeba_proGAN_104.png,0.4
celeba_proGAN_1001.png,0.8
celeba_proGAN_1003.png,0.6
celeba_proGAN_1057.png,0.4
celeba_proGAN_105.png,0.6
celeba_proGAN_1040.png,0.6
celeba_proGAN_1107.png,1.0
celeba_proGAN_1097.png,0.6
celeba_proGAN_1120.png,1.0
celeba_proGAN_1011.png,1.0
celeba_proGAN_100.png,0.4
celeba_proGAN_1135.png,0.8
celeba_proGAN_1059.png,0.4
celeba_proGAN_4283.png,0.6
celeba_proGAN_4934.png,0.4
celeba_proGAN_433.png,0.8
celeba_proGAN_4678.png,0.4
celeba_proGAN_4915.png,0.8
celeba_proGAN_4751.png,0.8
celeba_proGAN_430.png,0.6
celeba_proGAN_4206.png,0.6
celeba_proGAN_4844.png,0.6
celeba_proGAN_4644.png,0.2
celeba_proGAN_4371.png,0.8
celeba_proGAN_439.png,0.6
celeba_proGAN_4034.png,0.4
celeba_proGAN_4317.png,1.0
celeba_proGAN_4522.png,0.4
celeba_proGAN_4578.png,0.6
celeba_proGAN_4347.png,0.6
celeba_proGAN_4421.png,1.0
celeba_proGAN_4812.png,0.6
celeba_proGAN_4488.png,0.8
celeba_proGAN_4719.png,0.8
celeba_proGAN_4560.png,1.0
celeba_proGAN_4768.png,0.6
celeba_proGAN_4442.png,0.8
celeba_proGAN_4101.png,0.8
celeba_proGAN_4464.png,0.4
celeba_proGAN_4625.png,0.2
celeba_proGAN_4981.png,0.6
celeba_proGAN_466.png,0.8
celeba_proGAN_4129.png,1.0
celeba_proGAN_4733.png,0.8
celeba_proGAN_4151.png,0.8
celeba_proGAN_4186.png,0.2
celeba_proGAN_4550.png,1.0
celeba_proGAN_4831.png,0.8
celeba_proGAN_4783.png,0.2
celeba_proGAN_4698.png,0.4
celeba_proGAN_4243.png,0.2
celeba_proGAN_4891.png,0.6
celeba_proGAN_460.png,0.4
celeba_proGAN_4261.png,0.4
celeba_proGAN_4507.png,0.8
celeba_proGAN_507.png,0.4
celeba_proGAN_4084.png,1.0
celeba_proGAN_4057.png,0.4
celeba_proGAN_4951.png,0.8
celeba_proGAN_4405.png,0.6
celeba_proGAN_4168.png,0.4
celeba_proGAN_422.png,0.6
celeba_proGAN_487.png,0.8
celeba_proGAN_1042.png,0.0
celeba_proGAN_1056.png,0.2
celeba_proGAN_1088.png,0.0
celeba_proGAN_1035.png,0.0
celeba_proGAN_1109.png,0.0
celeba_proGAN_1017.png,1.0
celeba_proGAN_1108.png,0.8
celeba_proGAN_1099.png,0.2
celeba_proGAN_1019.png,0.0
celeba_proGAN_1036.png,0.4
celeba_proGAN_102.png,0.6
celeba_proGAN_1112.png,0.6
celeba_proGAN_1055.png,0.4
celeba_proGAN_1063.png,0.8
celeba_proGAN_1045.png,0.6
celeba_proGAN_1041.png,0.0
celeba_proGAN_1034.png,0.4
celeba_proGAN_1116.png,0.4
celeba_proGAN_2030.png,0.6
celeba_proGAN_1993.png,0.8
celeba_proGAN_1524.png,0.4
celeba_proGAN_1974.png,0.8
celeba_proGAN_1051.png,0.4
celeba_proGAN_1835.png,0.6
celeba_proGAN_1748.png,0.8
celeba_proGAN_1016.png,0.2
celeba_proGAN_132.png,0.8
celeba_proGAN_2012.png,0.8
celeba_proGAN_1294.png,0.4
celeba_proGAN_1338.png,0.4
celeba_proGAN_1640.png,0.4
celeba_proGAN_1625.png,0.2
celeba_proGAN_1812.png,0.4
celeba_proGAN_1663.png,0.2
celeba_proGAN_1472.png,0.4
celeba_proGAN_1227.png,0.2
celeba_proGAN_150.png,0.2
celeba_proGAN_1791.png,0.4
celeba_proGAN_16.png,0.2
celeba_proGAN_155.png,0.8
celeba_proGAN_1894.png,0.2
celeba_proGAN_1959.png,0.8
celeba_proGAN_1678.png,0.4
celeba_proGAN_1858.png,0.8
celeba_proGAN_1568.png,0.4
celeba_proGAN_1692.png,0.8
celeba_proGAN_1711.png,0.0
celeba_proGAN_1380.png,0.8
celeba_proGAN_1401.png,0.2
celeba_proGAN_1771.png,0.2
celeba_proGAN_1125.png,0.4
celeba_proGAN_1940.png,0.2
celeba_proGAN_1213.png,0.2
celeba_proGAN_142.png,0.2
celeba_proGAN_1874.png,0.8
celeba_proGAN_1244.png,0.8
celeba_proGAN_1358.png,0.2
celeba_proGAN_1729.png,0.6
celeba_proGAN_1196.png,0.6
celeba_proGAN_1446.png,0.6
celeba_proGAN_1150.png,1.0
celeba_proGAN_1039.png,0.2
celeba_proGAN_1101.png,0.4
celeba_proGAN_1168.png,0.0
celeba_proGAN_1085.png,0.2
celeba_proGAN_1917.png,0.8
celeba_proGAN_1579.png,0.0
celeba_proGAN_1268.png,0.6
celeba_proGAN_1006.png,1.0
celeba_proGAN_1046.png,0.2
celeba_proGAN_108.png,1.0
celeba_proGAN_1094.png,0.8
celeba_proGAN_1119.png,0.8
celeba_proGAN_107.png,0.2
celeba_proGAN_1043.png,0.2
celeba_proGAN_1030.png,0.6
celeba_proGAN_1027.png,0.6
celeba_proGAN_1095.png,0.4
celeba_proGAN_362.png,0.0
celeba_proGAN_380.png,0.2
celeba_proGAN_3068.png,0.6
celeba_proGAN_3461.png,0.8
celeba_proGAN_3366.png,0.8
celeba_proGAN_3483.png,0.6
celeba_proGAN_3885.png,0.6
celeba_proGAN_3928.png,0.6
celeba_proGAN_3816.png,0.4
celeba_proGAN_3044.png,0.0
celeba_proGAN_3530.png,0.4
celeba_proGAN_3422.png,0.2
celeba_proGAN_3288.png,0.0
celeba_proGAN_3087.png,0.2
celeba_proGAN_3326.png,0.6
celeba_proGAN_3599.png,0.8
celeba_proGAN_3833.png,0.6
celeba_proGAN_3395.png,0.2
celeba_proGAN_3690.png,0.2
celeba_proGAN_3508.png,0.2
celeba_proGAN_3762.png,0.6
celeba_proGAN_3104.png,0.6
celeba_proGAN_3230.png,0.4
celeba_proGAN_367.png,0.4
celeba_proGAN_3349.png,0.6
celeba_proGAN_3900.png,0.6
celeba_proGAN_387.png,0.4
celeba_proGAN_3024.png,0.8
celeba_proGAN_378.png,0.2
celeba_proGAN_3743.png,0.2
celeba_proGAN_3173.png,1.0
celeba_proGAN_3994.png,0.6
celeba_proGAN_3639.png,0.2
celeba_proGAN_3951.png,0.4
celeba_proGAN_3275.png,0.6
celeba_proGAN_3209.png,0.8
celeba_proGAN_3123.png,0.4
celeba_proGAN_3731.png,0.6
celeba_proGAN_4016.png,0.2
celeba_proGAN_3578.png,0.6
celeba_proGAN_3558.png,0.2
celeba_proGAN_3439.png,0.6
celeba_proGAN_316.png,0.2
celeba_proGAN_3143.png,0.6
celeba_proGAN_3850.png,0.8
celeba_proGAN_3190.png,0.8
celeba_proGAN_3306.png,0.8
celeba_proGAN_3976.png,0.4
celeba_proGAN_3253.png,0.6
celeba_proGAN_3714.png,0.8
celeba_proGAN_1111.png,0.4
celeba_proGAN_1093.png,0.0
celeba_proGAN_1092.png,0.6
celeba_proGAN_1089.png,0.6
celeba_proGAN_10.png,0.4
celeba_proGAN_2136.png,0.2
celeba_proGAN_2499.png,0.6
celeba_proGAN_2332.png,0.8
celeba_proGAN_2083.png,0.6
celeba_proGAN_2115.png,1.0
celeba_proGAN_2051.png,0.8
celeba_proGAN_2923.png,0.6
celeba_proGAN_2701.png,0.6
celeba_proGAN_2212.png,0.8
celeba_proGAN_2064.png,0.6
celeba_proGAN_2623.png,0.4
celeba_proGAN_2179.png,0.4
celeba_proGAN_2999.png,0.2
celeba_proGAN_2535.png,0.6
celeba_proGAN_2434.png,0.2
celeba_proGAN_2515.png,0.8
celeba_proGAN_2834.png,0.2
celeba_proGAN_2589.png,0.6
celeba_proGAN_2354.png,0.8
celeba_proGAN_2307.png,0.8
celeba_proGAN_2560.png,0.0
celeba_proGAN_2198.png,0.4
celeba_proGAN_2415.png,0.8
celeba_proGAN_2267.png,0.4
celeba_proGAN_2857.png,0.8
celeba_proGAN_2281.png,1.0
celeba_proGAN_2641.png,0.8
celeba_proGAN_2475.png,0.6
celeba_proGAN_28.png,0.6
celeba_proGAN_238.png,0.4
celeba_proGAN_273.png,0.6
celeba_proGAN_2549.png,0.8
celeba_proGAN_2877.png,0.8
celeba_proGAN_2781.png,0.6
celeba_proGAN_2611.png,0.4
celeba_proGAN_2400.png,1.0
celeba_proGAN_2819.png,0.8
celeba_proGAN_2974.png,0.2
celeba_proGAN_2248.png,0.8
celeba_proGAN_2900.png,0.2
celeba_proGAN_2153.png,0.2
celeba_proGAN_2456.png,0.8
celeba_proGAN_2958.png,0.6
celeba_proGAN_2745.png,0.4
celeba_proGAN_2763.png,0.4
celeba_proGAN_2938.png,0.2
celeba_proGAN_2097.png,0.8
celeba_proGAN_2654.png,0.4
celeba_proGAN_2229.png,0.2
celeba_proGAN_2675.png,0.4
celeba_proGAN_1.png,0.8
celeba_proGAN_1012.png,0.6
celeba_proGAN_1132.png,1.0
celeba_styleGAN_1715.png,0.8
celeba_styleGAN_1727.png,0.4
celeba_styleGAN_153.png,0.6
celeba_styleGAN_1202.png,0.6
celeba_styleGAN_1606.png,0.6
celeba_styleGAN_1228.png,0.2
celeba_styleGAN_1695.png,0.6
celeba_styleGAN_1558.png,0.2
celeba_styleGAN_1143.png,0.6
celeba_styleGAN_1742.png,0.0
celeba_styleGAN_1046.png,0.6
celeba_styleGAN_1129.png,0.2
celeba_styleGAN_1111.png,0.8
celeba_styleGAN_1217.png,0.0
celeba_styleGAN_1310.png,0.2
celeba_styleGAN_1654.png,0.8
celeba_styleGAN_1378.png,0.8
celeba_styleGAN_110.png,0.4
celeba_styleGAN_1007.png,0.4
celeba_styleGAN_1492.png,0.2
celeba_styleGAN_1591.png,0.6
celeba_styleGAN_1390.png,0.2
celeba_styleGAN_1299.png,0.8
celeba_styleGAN_1354.png,0.4
celeba_styleGAN_1027.png,0.2
celeba_styleGAN_1071.png,0.8
celeba_styleGAN_1503.png,0.6
celeba_styleGAN_1672.png,0.0
celeba_styleGAN_1448.png,0.4
celeba_styleGAN_1404.png,0.6
celeba_styleGAN_1264.png,0.6
celeba_styleGAN_133.png,0.2
celeba_styleGAN_1280.png,0.8
celeba_styleGAN_1432.png,0.6
celeba_styleGAN_1463.png,0.2
celeba_styleGAN_1344.png,0.4
celeba_styleGAN_1519.png,0.6
celeba_styleGAN_142.png,0.4
celeba_styleGAN_1574.png,0.4
celeba_styleGAN_1633.png,0.2
celeba_styleGAN_1060.png,0.6
celeba_styleGAN_1084.png,0.6
celeba_styleGAN_1547.png,0.4
celeba_styleGAN_1155.png,0.6
celeba_styleGAN_1705.png,0.4
celeba_styleGAN_1241.png,0.8
celeba_styleGAN_1188.png,0.2
celeba_styleGAN_1474.png,0.8
celeba_styleGAN_1618.png,0.4
celeba_styleGAN_1171.png,0.6
celeba_styleGAN_0.png,0.8
celeba_styleGAN_3568.png,0.2
celeba_styleGAN_3249.png,0.8
celeba_styleGAN_369.png,0.4
celeba_styleGAN_3435.png,0.6
celeba_styleGAN_3462.png,0.2
celeba_styleGAN_3676.png,0.2
celeba_styleGAN_350.png,0.4
celeba_styleGAN_3734.png,0.2
celeba_styleGAN_3477.png,0.0
celeba_styleGAN_3291.png,0.4
celeba_styleGAN_3781.png,0.4
celeba_styleGAN_333.png,0.4
celeba_styleGAN_3769.png,0.2
celeba_styleGAN_3526.png,0.4
celeba_styleGAN_3603.png,0.6
celeba_styleGAN_3191.png,0.2
celeba_styleGAN_3871.png,0.0
celeba_styleGAN_3715.png,0.4
celeba_styleGAN_3277.png,0.4
celeba_styleGAN_3649.png,0.2
celeba_styleGAN_3635.png,0.4
celeba_styleGAN_3181.png,0.4
celeba_styleGAN_3264.png,0.4
celeba_styleGAN_3543.png,0.0
celeba_styleGAN_3890.png,0.4
celeba_styleGAN_3588.png,0.6
celeba_styleGAN_342.png,0.6
celeba_styleGAN_3404.png,0.2
celeba_styleGAN_3827.png,0.2
celeba_styleGAN_3797.png,0.0
celeba_styleGAN_3204.png,0.4
celeba_styleGAN_3303.png,0.4
celeba_styleGAN_3662.png,0.4
celeba_styleGAN_3621.png,0.4
celeba_styleGAN_3449.png,0.6
celeba_styleGAN_3218.png,0.4
celeba_styleGAN_3746.png,0.2
celeba_styleGAN_3489.png,0.2
celeba_styleGAN_3347.png,0.6
celeba_styleGAN_3167.png,0.6
celeba_styleGAN_3555.png,0.8
celeba_styleGAN_3703.png,0.4
celeba_styleGAN_3858.png,0.2
celeba_styleGAN_3841.png,0.4
celeba_styleGAN_3811.png,0.2
celeba_styleGAN_3233.png,0.0
celeba_styleGAN_3388.png,0.0
celeba_styleGAN_3513.png,0.0
celeba_styleGAN_3316.png,0.4
celeba_styleGAN_3367.png,0.2
celeba_styleGAN_2575.png,0.6
celeba_styleGAN_2648.png,0.4
celeba_styleGAN_3084.png,1.0
celeba_styleGAN_2491.png,0.2
celeba_styleGAN_2531.png,0.6
celeba_styleGAN_2839.png,0.6
celeba_styleGAN_2590.png,0.6
celeba_styleGAN_2941.png,0.8
celeba_styleGAN_2853.png,0.6
celeba_styleGAN_2912.png,0.6
celeba_styleGAN_2701.png,0.6
celeba_styleGAN_2892.png,0.8
celeba_styleGAN_2519.png,0.4
celeba_styleGAN_2715.png,0.4
celeba_styleGAN_3031.png,0.8
celeba_styleGAN_3058.png,0.4
celeba_styleGAN_3072.png,1.0
celeba_styleGAN_3153.png,0.4
celeba_styleGAN_311.png,0.8
celeba_styleGAN_2562.png,0.6
celeba_styleGAN_2960.png,0.6
celeba_styleGAN_2808.png,0.8
celeba_styleGAN_2731.png,0.6
celeba_styleGAN_3141.png,0.4
celeba_styleGAN_3124.png,0.2
celeba_styleGAN_2769.png,0.2
celeba_styleGAN_2480.png,0.6
celeba_styleGAN_2823.png,0.4
celeba_styleGAN_2928.png,0.6
celeba_styleGAN_2745.png,0.6
celeba_styleGAN_2867.png,0.4
celeba_styleGAN_2796.png,0.4
celeba_styleGAN_2631.png,1.0
celeba_styleGAN_247.png,0.4
celeba_styleGAN_2616.png,0.8
celeba_styleGAN_3045.png,0.6
celeba_styleGAN_2901.png,0.4
celeba_styleGAN_2601.png,1.0
celeba_styleGAN_2881.png,0.6
celeba_styleGAN_2780.png,0.8
celeba_styleGAN_2758.png,0.6
celeba_styleGAN_2669.png,0.2
celeba_styleGAN_2689.png,0.2
celeba_styleGAN_3008.png,0.6
celeba_styleGAN_2543.png,0.8
celeba_styleGAN_298.png,0.4
celeba_styleGAN_3018.png,0.6
celeba_styleGAN_2505.png,0.8
celeba_styleGAN_3098.png,0.0
celeba_styleGAN_2996.png,1.0
celeba_styleGAN_2258.png,0.8
celeba_styleGAN_1808.png,0.4
celeba_styleGAN_1949.png,0.2
celeba_styleGAN_2142.png,0.2
celeba_styleGAN_2457.png,0.4
celeba_styleGAN_200.png,0.4
celeba_styleGAN_1901.png,0.8
celeba_styleGAN_2303.png,0.4
celeba_styleGAN_1962.png,0.6
celeba_styleGAN_2410.png,0.8
celeba_styleGAN_2355.png,0.4
celeba_styleGAN_1852.png,0.4
celeba_styleGAN_1754.png,0.4
celeba_styleGAN_2273.png,0.4
celeba_styleGAN_1917.png,0.6
celeba_styleGAN_1873.png,0.4
celeba_styleGAN_2344.png,0.2
celeba_styleGAN_204.png,0.4
celeba_styleGAN_1840.png,0.6
celeba_styleGAN_2379.png,0.2
celeba_styleGAN_2026.png,1.0
celeba_styleGAN_1989.png,0.2
celeba_styleGAN_1772.png,0.8
celeba_styleGAN_2428.png,0.6
celeba_styleGAN_217.png,0.0
celeba_styleGAN_2245.png,0.4
celeba_styleGAN_2116.png,0.2
celeba_styleGAN_2067.png,0.2
celeba_styleGAN_2365.png,0.2
celeba_styleGAN_1797.png,0.2
celeba_styleGAN_2128.png,0.0
celeba_styleGAN_2015.png,0.6
celeba_styleGAN_233.png,0.4
celeba_styleGAN_1976.png,0.4
celeba_styleGAN_1888.png,0.4
celeba_styleGAN_2443.png,0.2
celeba_styleGAN_1783.png,0.4
celeba_styleGAN_210.png,0.6
celeba_styleGAN_2086.png,0.2
celeba_styleGAN_2396.png,0.0
celeba_styleGAN_2191.png,0.4
celeba_styleGAN_2050.png,0.2
celeba_styleGAN_1936.png,0.2
celeba_styleGAN_2203.png,0.2
celeba_styleGAN_2315.png,0.4
celeba_styleGAN_1826.png,0.2
celeba_styleGAN_2216.png,0.2
celeba_styleGAN_2156.png,0.6
celeba_styleGAN_223.png,0.4
celeba_styleGAN_2289.png,0.2
BEGAN_epoch44_step430000_3253.png,1.0
BEGAN_epoch44_step430000_2988.png,1.0
BEGAN_epoch44_step430000_3362.png,0.4
BEGAN_epoch44_step430000_3234.png,1.0
BEGAN_epoch44_step430000_3158.png,1.0
BEGAN_epoch44_step430000_3409.png,1.0
BEGAN_epoch44_step430000_3543.png,1.0
BEGAN_epoch44_step430000_3513.png,0.8
BEGAN_epoch44_step430000_3142.png,1.0
BEGAN_epoch44_step430000_3794.png,0.6
BEGAN_epoch44_step430000_3283.png,1.0
BEGAN_epoch44_step430000_3465.png,0.6
BEGAN_epoch44_step430000_2973.png,0.8
BEGAN_epoch44_step430000_3193.png,1.0
BEGAN_epoch44_step430000_321.png,0.8
BEGAN_epoch44_step430000_3003.png,0.4
BEGAN_epoch44_step430000_327.png,0.8
BEGAN_epoch44_step430000_2947.png,0.8
BEGAN_epoch44_step430000_3104.png,0.8
BEGAN_epoch44_step430000_3598.png,0.8
BEGAN_epoch44_step430000_2897.png,1.0
BEGAN_epoch44_step430000_3446.png,0.8
BEGAN_epoch44_step430000_3120.png,1.0
BEGAN_epoch44_step430000_3034.png,1.0
BEGAN_epoch44_step430000_3347.png,0.6
BEGAN_epoch44_step430000_2962.png,0.6
BEGAN_epoch44_step430000_3584.png,1.0
BEGAN_epoch44_step430000_3423.png,0.8
BEGAN_epoch44_step430000_3300.png,1.0
BEGAN_epoch44_step430000_3561.png,0.8
BEGAN_epoch44_step430000_3056.png,1.0
BEGAN_epoch44_step430000_3492.png,0.8
BEGAN_epoch44_step430000_2909.png,0.8
BEGAN_epoch44_step430000_2930.png,1.0
BEGAN_epoch44_step430000_3015.png,1.0
BEGAN_epoch44_step430000_3617.png,1.0
BEGAN_epoch44_step430000_3769.png,0.8
BEGAN_epoch44_step430000_3730.png,0.6
BEGAN_epoch44_step430000_3747.png,0.8
BEGAN_epoch44_step430000_3073.png,1.0
BEGAN_epoch44_step430000_3653.png,1.0
BEGAN_epoch44_step430000_3713.png,0.8
BEGAN_epoch44_step430000_3527.png,0.8
BEGAN_epoch44_step430000_3678.png,0.8
BEGAN_epoch44_step430000_3090.png,0.8
BEGAN_epoch44_step430000_3173.png,0.4
BEGAN_epoch44_step430000_3638.png,0.8
BEGAN_epoch44_step430000_3695.png,0.6
BEGAN_epoch44_step430000_332.png,1.0
BEGAN_epoch44_step430000_3384.png,0.6
BEGAN_epoch44_step430000_1625.png,0.8
BEGAN_epoch44_step430000_1547.png,1.0
BEGAN_epoch44_step430000_1747.png,0.8
BEGAN_epoch44_step430000_1497.png,1.0
BEGAN_epoch44_step430000_1341.png,1.0
BEGAN_epoch44_step430000_1449.png,1.0
BEGAN_epoch44_step430000_1286.png,1.0
BEGAN_epoch44_step430000_1960.png,0.8
BEGAN_epoch44_step430000_1582.png,1.0
BEGAN_epoch44_step430000_1566.png,1.0
BEGAN_epoch44_step430000_1225.png,1.0
BEGAN_epoch44_step430000_1270.png,1.0
BEGAN_epoch44_step430000_1687.png,1.0
BEGAN_epoch44_step430000_1641.png,1.0
BEGAN_epoch44_step430000_1766.png,1.0
BEGAN_epoch44_step430000_1140.png,1.0
BEGAN_epoch44_step430000_1926.png,1.0
BEGAN_epoch44_step430000_1610.png,1.0
BEGAN_epoch44_step430000_1908.png,1.0
BEGAN_epoch44_step430000_1836.png,1.0
BEGAN_epoch44_step430000_1801.png,1.0
BEGAN_epoch44_step430000_1529.png,1.0
BEGAN_epoch44_step430000_1897.png,1.0
BEGAN_epoch44_step430000_1356.png,1.0
BEGAN_epoch44_step430000_1054.png,1.0
BEGAN_epoch44_step430000_11.png,1.0
BEGAN_epoch44_step430000_1245.png,0.8
BEGAN_epoch44_step430000_1853.png,1.0
BEGAN_epoch44_step430000_1170.png,1.0
BEGAN_epoch44_step430000_1025.png,1.0
BEGAN_epoch44_step430000_1158.png,1.0
BEGAN_epoch44_step430000_1816.png,1.0
BEGAN_epoch44_step430000_1873.png,1.0
BEGAN_epoch44_step430000_1302.png,1.0
BEGAN_epoch44_step430000_151.png,0.8
BEGAN_epoch44_step430000_1123.png,1.0
BEGAN_epoch44_step430000_1721.png,1.0
BEGAN_epoch44_step430000_108.png,0.8
BEGAN_epoch44_step430000_1377.png,1.0
BEGAN_epoch44_step430000_1597.png,1.0
BEGAN_epoch44_step430000_1407.png,1.0
BEGAN_epoch44_step430000_1212.png,1.0
BEGAN_epoch44_step430000_1475.png,0.6
BEGAN_epoch44_step430000_143.png,1.0
BEGAN_epoch44_step430000_1665.png,0.6
BEGAN_epoch44_step430000_1189.png,1.0
BEGAN_epoch44_step430000_1707.png,0.8
BEGAN_epoch44_step430000_139.png,1.0
BEGAN_epoch44_step430000_1780.png,1.0
BEGAN_epoch44_step430000_1325.png,1.0
BEGAN_epoch44_step430000_2455.png,1.0
BEGAN_epoch44_step430000_2785.png,1.0
BEGAN_epoch44_step430000_2242.png,1.0
BEGAN_epoch44_step430000_2029.png,1.0
BEGAN_epoch44_step430000_2043.png,1.0
BEGAN_epoch44_step430000_2495.png,1.0
BEGAN_epoch44_step430000_2607.png,1.0
BEGAN_epoch44_step430000_2569.png,1.0
BEGAN_epoch44_step430000_2439.png,1.0
BEGAN_epoch44_step430000_2815.png,1.0
BEGAN_epoch44_step430000_2855.png,1.0
BEGAN_epoch44_step430000_2529.png,1.0
BEGAN_epoch44_step430000_2483.png,1.0
BEGAN_epoch44_step430000_247.png,1.0
BEGAN_epoch44_step430000_2126.png,1.0
BEGAN_epoch44_step430000_2643.png,1.0
BEGAN_epoch44_step430000_2185.png,1.0
BEGAN_epoch44_step430000_2873.png,1.0
BEGAN_epoch44_step430000_2309.png,1.0
BEGAN_epoch44_step430000_2839.png,1.0
BEGAN_epoch44_step430000_2012.png,1.0
BEGAN_epoch44_step430000_2091.png,1.0
BEGAN_epoch44_step430000_2276.png,1.0
BEGAN_epoch44_step430000_237.png,1.0
BEGAN_epoch44_step430000_2109.png,1.0
BEGAN_epoch44_step430000_2347.png,1.0
BEGAN_epoch44_step430000_2168.png,1.0
BEGAN_epoch44_step430000_2257.png,1.0
BEGAN_epoch44_step430000_2727.png,1.0
BEGAN_epoch44_step430000_2661.png,1.0
BEGAN_epoch44_step430000_208.png,1.0
BEGAN_epoch44_step430000_2200.png,1.0
BEGAN_epoch44_step430000_2514.png,1.0
BEGAN_epoch44_step430000_1982.png,1.0
BEGAN_epoch44_step430000_2219.png,1.0
BEGAN_epoch44_step430000_2146.png,1.0
BEGAN_epoch44_step430000_2391.png,1.0
BEGAN_epoch44_step430000_2712.png,1.0
BEGAN_epoch44_step430000_2621.png,1.0
BEGAN_epoch44_step430000_2692.png,1.0
BEGAN_epoch44_step430000_2055.png,0.8
BEGAN_epoch44_step430000_2772.png,1.0
BEGAN_epoch44_step430000_2420.png,1.0
BEGAN_epoch44_step430000_229.png,1.0
BEGAN_epoch44_step430000_2329.png,1.0
BEGAN_epoch44_step430000_2798.png,1.0
BEGAN_epoch44_step430000_2408.png,1.0
BEGAN_epoch44_step430000_2749.png,1.0
BEGAN_epoch44_step430000_2544.png,1.0
BEGAN_epoch44_step430000_2589.png,1.0
BEGAN_epoch44_step430000_503.png,1.0
BEGAN_epoch44_step430000_481.png,1.0
BEGAN_epoch44_step430000_637.png,1.0
BEGAN_epoch44_step430000_590.png,1.0
BEGAN_epoch44_step430000_3832.png,1.0
BEGAN_epoch44_step430000_39.png,1.0
BEGAN_epoch44_step430000_934.png,1.0
BEGAN_epoch44_step430000_975.png,1.0
BEGAN_epoch44_step430000_3811.png,1.0
BEGAN_epoch44_step430000_952.png,1.0
BEGAN_epoch44_step430000_776.png,1.0
BEGAN_epoch44_step430000_3916.png,0.8
BEGAN_epoch44_step430000_650.png,1.0
BEGAN_epoch44_step430000_4021.png,0.8
BEGAN_epoch44_step430000_531.png,1.0
BEGAN_epoch44_step430000_411.png,1.0
BEGAN_epoch44_step430000_428.png,1.0
BEGAN_epoch44_step430000_56.png,1.0
BEGAN_epoch44_step430000_548.png,1.0
BEGAN_epoch44_step430000_4059.png,1.0
BEGAN_epoch44_step430000_851.png,1.0
BEGAN_epoch44_step430000_866.png,1.0
BEGAN_epoch44_step430000_832.png,1.0
BEGAN_epoch44_step430000_446.png,1.0
BEGAN_epoch44_step430000_757.png,1.0
BEGAN_epoch44_step430000_4081.png,0.8
BEGAN_epoch44_step430000_3949.png,1.0
BEGAN_epoch44_step430000_621.png,1.0
BEGAN_epoch44_step430000_712.png,1.0
BEGAN_epoch44_step430000_690.png,1.0
BEGAN_epoch44_step430000_791.png,1.0
BEGAN_epoch44_step430000_575.png,0.2
BEGAN_epoch44_step430000_3976.png,1.0
BEGAN_epoch44_step430000_40.png,1.0
BEGAN_epoch44_step430000_606.png,1.0
BEGAN_epoch44_step430000_814.png,1.0
BEGAN_epoch44_step430000_3879.png,1.0
BEGAN_epoch44_step430000_460.png,1.0
BEGAN_epoch44_step430000_4038.png,1.0
BEGAN_epoch44_step430000_914.png,1.0
BEGAN_epoch44_step430000_738.png,1.0
BEGAN_epoch44_step430000_3852.png,0.8
BEGAN_epoch44_step430000_3933.png,1.0
BEGAN_epoch44_step430000_891.png,0.8
BEGAN_epoch44_step430000_67.png,1.0
BEGAN_epoch44_step430000_989.png,1.0
wgan_gp_16724.png,1.0
wgan_gp_18132.png,1.0
wgan_gp_20615.png,1.0
wgan_gp_17421.png,1.0
wgan_gp_18982.png,0.2
wgan_gp_18582.png,1.0
wgan_gp_19115.png,0.8
wgan_gp_16581.png,1.0
wgan_gp_20362.png,1.0
wgan_gp_16394.png,0.8
wgan_gp_16834.png,1.0
wgan_gp_16192.png,1.0
wgan_gp_18265.png,0.4
wgan_gp_19723.png,1.0
wgan_gp_20187.png,1.0
wgan_gp_17164.png,1.0
wgan_gp_17091.png,1.0
wgan_gp_1551.png,1.0
wgan_gp_17821.png,1.0
wgan_gp_19422.png,1.0
wgan_gp_17528.png,1.0
wgan_gp_16490.png,1.0
wgan_gp_15802.png,1.0
wgan_gp_17945.png,1.0
wgan_gp_15894.png,1.0
wgan_gp_19183.png,1.0
wgan_gp_18913.png,1.0
wgan_gp_17246.png,1.0
wgan_gp_20091.png,1.0
wgan_gp_20248.png,1.0
wgan_gp_1774.png,1.0
wgan_gp_15692.png,1.0
wgan_gp_1765.png,1.0
wgan_gp_19857.png,1.0
wgan_gp_19293.png,1.0
wgan_gp_15582.png,1.0
wgan_gp_19597.png,1.0
wgan_gp_15968.png,1.0
wgan_gp_1608.png,1.0
wgan_gp_16957.png,1.0
wgan_gp_1849.png,1.0
wgan_gp_18390.png,1.0
wgan_gp_18056.png,1.0
wgan_gp_195.png,1.0
wgan_gp_20502.png,1.0
wgan_gp_16651.png,0.8
wgan_gp_19973.png,0.8
wgan_gp_18695.png,1.0
wgan_gp_1633.png,1.0
wgan_gp_18769.png,0.8
wgan_gp_29995.png,1.0
wgan_gp_29324.png,1.0
wgan_gp_27154.png,0.8
wgan_gp_30567.png,0.8
wgan_gp_27734.png,0.8
wgan_gp_29621.png,1.0
wgan_gp_28673.png,0.4
wgan_gp_30300.png,1.0
wgan_gp_26768.png,0.8
wgan_gp_26520.png,0.8
wgan_gp_29544.png,0.6
wgan_gp_3045.png,1.0
wgan_gp_2838.png,1.0
wgan_gp_3079.png,0.8
wgan_gp_26844.png,1.0
wgan_gp_27369.png,1.0
wgan_gp_27659.png,0.8
wgan_gp_28440.png,0.8
wgan_gp_26019.png,1.0
wgan_gp_26955.png,1.0
wgan_gp_28252.png,1.0
wgan_gp_28762.png,0.8
wgan_gp_29702.png,0.8
wgan_gp_26637.png,1.0
wgan_gp_26340.png,0.8
wgan_gp_28142.png,1.0
wgan_gp_27053.png,1.0
wgan_gp_27940.png,0.8
wgan_gp_28891.png,0.8
wgan_gp_29033.png,1.0
wgan_gp_27575.png,1.0
wgan_gp_30670.png,1.0
wgan_gp_28558.png,1.0
wgan_gp_2728.png,1.0
wgan_gp_28951.png,1.0
wgan_gp_28054.png,1.0
wgan_gp_26224.png,1.0
wgan_gp_30197.png,1.0
wgan_gp_29420.png,1.0
wgan_gp_30895.png,1.0
wgan_gp_27856.png,1.0
wgan_gp_26106.png,1.0
wgan_gp_30081.png,1.0
wgan_gp_26436.png,1.0
wgan_gp_27463.png,0.8
wgan_gp_2927.png,0.8
wgan_gp_29162.png,1.0
wgan_gp_30396.png,0.8
wgan_gp_30969.png,1.0
wgan_gp_29804.png,1.0
wgan_gp_11967.png,0.8
wgan_gp_1053.png,0.6
wgan_gp_14293.png,1.0
wgan_gp_11527.png,1.0
wgan_gp_13995.png,1.0
wgan_gp_12082.png,1.0
wgan_gp_10858.png,1.0
wgan_gp_12179.png,0.8
wgan_gp_10418.png,0.8
wgan_gp_12697.png,1.0
wgan_gp_11148.png,1.0
wgan_gp_12395.png,1.0
wgan_gp_14672.png,0.8
wgan_gp_11256.png,1.0
wgan_gp_13895.png,1.0
wgan_gp_1447.png,1.0
wgan_gp_12896.png,0.8
wgan_gp_14574.png,1.0
wgan_gp_10113.png,1.0
wgan_gp_15024.png,1.0
wgan_gp_13531.png,1.0
wgan_gp_15374.png,1.0
wgan_gp_12781.png,1.0
wgan_gp_11431.png,0.8
wgan_gp_10665.png,1.0
wgan_gp_13046.png,1.0
wgan_gp_1177.png,1.0
wgan_gp_14941.png,0.6
wgan_gp_15262.png,1.0
wgan_gp_11693.png,1.0
wgan_gp_13119.png,1.0
wgan_gp_10998.png,1.0
wgan_gp_13730.png,1.0
wgan_gp_10790.png,1.0
wgan_gp_14127.png,0.8
wgan_gp_10236.png,1.0
wgan_gp_1518.png,1.0
wgan_gp_10292.png,1.0
wgan_gp_12587.png,0.8
wgan_gp_12267.png,1.0
wgan_gp_13820.png,1.0
wgan_gp_13340.png,0.8
wgan_gp_13420.png,1.0
wgan_gp_13654.png,0.6
wgan_gp_13218.png,0.8
wgan_gp_12496.png,0.8
wgan_gp_14810.png,0.8
wgan_gp_11349.png,1.0
wgan_gp_11892.png,1.0
wgan_gp_14368.png,1.0
wgan_gp_22830.png,1.0
wgan_gp_21342.png,1.0
wgan_gp_23707.png,1.0
wgan_gp_22603.png,1.0
wgan_gp_23888.png,1.0
wgan_gp_2251.png,0.6
wgan_gp_22968.png,1.0
wgan_gp_21787.png,0.4
wgan_gp_22064.png,1.0
wgan_gp_20930.png,1.0
wgan_gp_22262.png,1.0
wgan_gp_24358.png,1.0
wgan_gp_24682.png,1.0
wgan_gp_24298.png,1.0
wgan_gp_25409.png,1.0
wgan_gp_20813.png,1.0
wgan_gp_23796.png,1.0
wgan_gp_23277.png,1.0
wgan_gp_25284.png,1.0
wgan_gp_24467.png,1.0
wgan_gp_24544.png,1.0
wgan_gp_25690.png,1.0
wgan_gp_21711.png,1.0
wgan_gp_24931.png,1.0
wgan_gp_25523.png,1.0
wgan_gp_24188.png,1.0
wgan_gp_22374.png,1.0
wgan_gp_22695.png,1.0
wgan_gp_21897.png,1.0
wgan_gp_24794.png,1.0
wgan_gp_21446.png,1.0
wgan_gp_23354.png,1.0
wgan_gp_2218.png,1.0
wgan_gp_25872.png,1.0
wgan_gp_21268.png,1.0
wgan_gp_21965.png,1.0
wgan_gp_25786.png,1.0
wgan_gp_23112.png,1.0
wgan_gp_25142.png,1.0
wgan_gp_24048.png,1.0
wgan_gp_23974.png,1.0
wgan_gp_2560.png,1.0
wgan_gp_21136.png,1.0
wgan_gp_23462.png,0.4
wgan_gp_21522.png,1.0
wgan_gp_23597.png,0.8
wgan_gp_22893.png,1.0
wgan_gp_21036.png,1.0
wgan_gp_20703.png,1.0
wgan_gp_25028.png,1.0
